/* EVENTOS */
INSERT INTO EVENTOS VALUES ('EVT001', DATE '2026-03-10', 'MADRID', 5000);
INSERT INTO EVENTOS VALUES ('EVT002', DATE '2026-04-05', 'BARCELONA', 3000);

/* COMBATES */
INSERT INTO COMBATES VALUES ('COM001', DATE '2026-03-10', '03:00', 2, 'EVT001');
INSERT INTO COMBATES VALUES ('COM002', DATE '2026-04-05', '05:00', 1, 'EVT002');

/* BARES */
INSERT INTO BARES VALUES ('BAR01', 'EL RING', 'BOCADILLOS', 'CERVEZA', 'EVT001');
INSERT INTO BARES VALUES ('BAR02', 'KO BAR', 'TAPAS', 'REFRESCOS', 'EVT002');

/* ANIMADORAS */
INSERT INTO ANIMADORAS VALUES ('12345678', 'A1', 'LUCIA');
INSERT INTO ANIMADORAS VALUES ('87654321', 'B2', 'MARTA');

/* ASISTEN */
INSERT INTO ASISTEN VALUES ('EVT001', '12345678');
INSERT INTO ASISTEN VALUES ('EVT002', '87654321');

/* ARBITROS */
INSERT INTO ARBITROS VALUES (1, 120, 3);
INSERT INTO ARBITROS VALUES (2, 85, 1);

/* ARBITRAN */
INSERT INTO ARBITRAN VALUES ('COM001', 1);
INSERT INTO ARBITRAN VALUES ('COM002', 2);

/* ENTRENADORES */
INSERT INTO ENTRENADORES VALUES ('11112222', 300);
INSERT INTO ENTRENADORES VALUES ('33334444', 150);

/* LUCHADORES */
INSERT INTO LUCHADORES VALUES ('L001', 5, '11112222');
INSERT INTO LUCHADORES VALUES ('L002', 8, '33334444');

/* PARTICIPAN */
INSERT INTO PARTICIPAN VALUES ('COM001', 'L001', 45, 30);
INSERT INTO PARTICIPAN VALUES ('COM002', 'L002', 60, 25);

/* BOXEO */
INSERT INTO BOXEO VALUES ('L001', 12);

/* JIUJITSU */
INSERT INTO JIUJITSU VALUES ('L002', 'AZUL');

/* JUDO */
INSERT INTO JUDO VALUES ('L001', 'NEGRO');

/* MUAYTHAI */
INSERT INTO MUAYTHAI VALUES ('L002');


/* LOS DNI Y NIF TIENEN QUE TENER SU ESTRUCTURA ADECUADA 
 * 
 * LOS CINTURONES DE JUJITSU Y JUDO TIENEN QUE TENER SUS COLORES
 * 
 * Y LAS ONZAS CORRESPONDIENTES
 */

