/* EVENTOS */
INSERT INTO EVENTOS VALUES ('EVT001', DATE '2026-03-10', 'MADRID', 5000);
INSERT INTO EVENTOS VALUES ('EVT002', DATE '2026-04-05', 'BARCELONA', 3000);

/* ARBITROS */
INSERT INTO ARBITROS VALUES (1, 120, 3);
INSERT INTO ARBITROS VALUES (2, 85, 1);

/* COMBATES */
INSERT INTO COMBATES VALUES ('COM001', DATE '2026-03-10', '03:00', 2, 1);
INSERT INTO COMBATES VALUES ('COM002', DATE '2026-04-05', '05:00', 1, 2);

/* BARES */
INSERT INTO BARES VALUES ('BAR01', 'EL RING', 'BOCADILLOS', 'CERVEZA', 'EVT001');
INSERT INTO BARES VALUES ('BAR02', 'KO BAR', 'TAPAS', 'REFRESCOS', 'EVT002');

/* ANIMADORAS */
INSERT INTO ANIMADORAS VALUES ('12345678', 'A1', 'LUCIA');
INSERT INTO ANIMADORAS VALUES ('87654321', 'B2', 'MARTA');

/* ASISTEN */
INSERT INTO ASISTEN VALUES ('EVT001', '12345678');
INSERT INTO ASISTEN VALUES ('EVT002', '87654321');


/* ENTRENADORES */
INSERT INTO ENTRENADORES VALUES ('11112222', 300);
INSERT INTO ENTRENADORES VALUES ('33334444', 150);

/* LUCHADORES */
INSERT INTO LUCHADORES VALUES ('L001', 5, '11112222');
INSERT INTO LUCHADORES VALUES ('L002', 8, '33334444');

/* ENFRENTA */
INSERT INTO ENFRENTA VALUES ('L001', 'L002');

/* PARTICIPAN */
INSERT INTO PARTICIPAN VALUES ('COM001', 'L001', 45, 30);
INSERT INTO PARTICIPAN VALUES ('COM002', 'L002', 60, 25);

/* BOXEO */
INSERT INTO BOXEO VALUES ('L001', 12);

/* JIUJITSU */
INSERT INTO JIUJITSU VALUES ('L002', 'AZUL');

/* JUDO */
INSERT INTO JUDO VALUES ('L001', 'NEGRO');

/* MUAYTHAI */
INSERT INTO MUAYTHAI VALUES ('L002');


/* LOS DNI Y NIF TIENEN QUE TENER SU ESTRUCTURA ADECUADA 
 * ALTER TABLE ANIMADORAS ADD CONSTRAINT CHK_ANIMADORAS CHECK (REGEXP_LIKE(NIF, '^[0-9]{8}[A-Z]$'));
 * ALTER TABLE ENTRENADORES ADD CONSTRAINT CHK_ENTRENADORES CHECK (REGEXP_LIKE(NIF, '^[0-9]{8}[A-Z]$'));
 
 * LOS CINTURONES DE JUJITSU Y JUDO TIENEN QUE TENER SUS COLORES
 * ALTER TABLE JIUJITSU ADD CONSTRAINT CHK_JIUJITSU CHECK (CINTURON IN ('BLANCO', 'AMARILLO', 'NARANJA', 'VERDE', 'AZUL', 'MARRÓN', 'NEGRO', 'ROJO'));
 * ALTER TABLE JUDO ADD CONSTRAINT CHK_JUDO CHECK (CINTURON IN ('BLANCO', 'AMARILLO', 'NARANJA', 'VERDE', 'AZUL', 'MARRÓN', 'NEGRO', 'ROJO'));

 * Y LAS ONZAS CORRESPONDIENTES
 * ALTER TABLE BOXEO ADD CONSTRAINT CHK_BOXEO CHECK (ONZAS IN (8, 10, 12, 14, 16, 18, 20));
 */
